{"phi_phase": [-1.0, -0.9546831810798718, -0.9109762859859127, -0.8703860382457282, -0.8342193761969678, -0.8034996748454916, -0.778901144869578, -0.7607056139643806, -0.7487844609547047, -0.7426068607463923, -0.741273811593521, -0.7435757634452109, -0.7480701532453393, -0.7531738769710724, -0.7572647707123785, -0.7587855955917575, -0.7563438608207599, -0.7488010859761147, -0.7353457805517296, -0.7155454626077415, -0.6893743819861066, -0.6572151709626093, -0.6198343165242095, -0.5783330265624523, -0.5340766395875562, -0.4886071029838384, -0.44354413017762595, -0.4004813727998947, -0.3608842634776808, -0.32599607779665596, -0.29675823710703975, -0.27374996096998616, -0.25715113767935927, -0.24673079295488942, -0.24186189599342686, -0.24156155377195226, -0.2445540170431297, -0.2493524591754458, -0.25435428560188633, -0.2579438642939531, -0.2585960919708211, -0.25497415718064875, -0.24601523338661835, -0.23099860890832552, -0.20959188641233184, -0.18187229044454267, -0.14832171713624626, -0.10979584341051427, -0.06746927586906312, -0.022760255458384983, 0.022760255458385174, 0.0674692758690634, 0.10979584341051471, 0.14832171713624642, 0.1818722904445429, 0.20959188641233195, 0.23099860890832571, 0.2460152333866184, 0.2549741571806489, 0.2585960919708211, 0.25794386429395316, 0.25435428560188644, 0.24935245917544582, 0.24455401704312968, 0.2415615537719524, 0.24186189599342692, 0.24673079295488953, 0.2571511376793594, 0.2737499609699864, 0.2967582371070398, 0.32599607779665624, 0.36088426347768116, 0.4004813727998948, 0.4435441301776264, 0.4886071029838387, 0.5340766395875565, 0.5783330265624526, 0.6198343165242094, 0.6572151709626095, 0.6893743819861067, 0.7155454626077418, 0.7353457805517297, 0.7488010859761149, 0.7563438608207601, 0.7587855955917576, 0.7572647707123785, 0.7531738769710724, 0.7480701532453392, 0.7435757634452108, 0.741273811593521, 0.7426068607463925, 0.748784460954705, 0.7607056139643809, 0.7789011448695781, 0.8034996748454919, 0.8342193761969678, 0.8703860382457281, 0.910976285985913, 0.9546831810798719, 0.9999999999999999], "tau": [0.0, 0.010101010101010102, 0.020202020202020204, 0.030303030303030304, 0.04040404040404041, 0.05050505050505051, 0.06060606060606061, 0.07070707070707072, 0.08080808080808081, 0.09090909090909091, 0.10101010101010102, 0.11111111111111112, 0.12121212121212122, 0.13131313131313133, 0.14141414141414144, 0.15151515151515152, 0.16161616161616163, 0.17171717171717174, 0.18181818181818182, 0.19191919191919193, 0.20202020202020204, 0.21212121212121213, 0.22222222222222224, 0.23232323232323235, 0.24242424242424243, 0.25252525252525254, 0.26262626262626265, 0.27272727272727276, 0.2828282828282829, 0.29292929292929293, 0.30303030303030304, 0.31313131313131315, 0.32323232323232326, 0.33333333333333337, 0.3434343434343435, 0.3535353535353536, 0.36363636363636365, 0.37373737373737376, 0.38383838383838387, 0.393939393939394, 0.4040404040404041, 0.4141414141414142, 0.42424242424242425, 0.43434343434343436, 0.4444444444444445, 0.4545454545454546, 0.4646464646464647, 0.4747474747474748, 0.48484848484848486, 0.494949494949495, 0.5050505050505051, 0.5151515151515152, 0.5252525252525253, 0.5353535353535354, 0.5454545454545455, 0.5555555555555556, 0.5656565656565657, 0.5757575757575758, 0.5858585858585859, 0.595959595959596, 0.6060606060606061, 0.6161616161616162, 0.6262626262626263, 0.6363636363636365, 0.6464646464646465, 0.6565656565656566, 0.6666666666666667, 0.6767676767676768, 0.686868686868687, 0.696969696969697, 0.7070707070707072, 0.7171717171717172, 0.7272727272727273, 0.7373737373737375, 0.7474747474747475, 0.7575757575757577, 0.7676767676767677, 0.7777777777777778, 0.787878787878788, 0.797979797979798, 0.8080808080808082, 0.8181818181818182, 0.8282828282828284, 0.8383838383838385, 0.8484848484848485, 0.8585858585858587, 0.8686868686868687, 0.8787878787878789, 0.888888888888889, 0.8989898989898991, 0.9090909090909092, 0.9191919191919192, 0.9292929292929294, 0.9393939393939394, 0.9494949494949496, 0.9595959595959597, 0.9696969696969697, 0.9797979797979799, 0.98989898989899, 1.0], "dphi_dt": [1.0, 0.9623464532669053, 0.9110274521059517, 0.8476934246104593, 0.7740960040536167, 0.6920531736511335, 0.6034153661804363, 0.510033021696382, 0.41372605292979847, 0.316255610038023, 0.2192984754024137, 0.12442435632243572, 0.033076279886461064, -0.053445768902611115, -0.13399788648211097, -0.20760194778619173, -0.2734519975401878, -0.33091742472862506, -0.37954305702376534, -0.4190463547415016, -0.44931192119259744, -0.47038357782636836, -0.4824542781400871, -0.4858541538787004, -0.4810370006075704, -0.4685655174345807, -0.44909561770501116, -0.42336012419137137, -0.3921521540198304, -0.35630848574450713, -0.3166931840798917, -0.27418173734838847, -0.2296459392407276, -0.18393972058572106, -0.13788610905350007, -0.09226546564128382, -0.047805116969271956, -0.0051704723824042365, 0.035042314880594866, 0.0723121121531071, 0.10619699490400042, 0.13633688103080494, 0.1624546597558215, 0.18435588502367964, 0.20192712287561831, 0.21513305922484594, 0.22401248865360487, 0.2286733162236374, 0.22928671281614205, 0.22608057022174655, 0.219332405157219, 0.20936186170642457, 0.19652295951808912, 0.18119623062415727, 0.16378088117915657, 0.14468710599446138, 0.12432867370031764, 0.10311588897357198, 0.08144902578786554, 0.059712312345482854, 0.03826853450347214, 0.017454310371867374, -0.0024239254109532466, -0.021093203195488613, -0.038316554658329074, -0.05389480592828551, -0.06766764161830642, -0.07951396508072003, -0.08935159032755022, -0.09713631000167948, -0.10286039147029505, -0.10655055948649982, -0.10826552890016539, -0.1080931545906754, -0.10614726816029002, -0.10256427200633197, -0.09749956124112096, -0.09112384262526968, -0.08361941731198677, -0.07517649086907882, -0.06598956986300818, -0.05625399937472252, -0.04616269029417826, -0.035903079236447165, -0.02565435756437121, -0.015584999416661355, -0.005850611948199982, 0.0034078756922283804, 0.012065674682848606, 0.020015246524399226, 0.027167063113021982, 0.03345002492612059, 0.03881155052571839, 0.043217355230939405, 0.04665094089048609, 0.04911282216346416, 0.05061951757062879, 0.05120233579767184, 0.050905989318222836, 0.04978706836786394], "loops": [[15, 45], [30, 70]], "spikes": [40, 65],