{
  "tau": [
    0.0,
    0.3333333333333333,
    0.6666666666666666,
    1.0
  ],
  "phi_phase": [
    -0.38371123412039165,
    0.016759144465597724,
    0.6200679817004832,
    -0.2531158920456891
  ],
  "dphi_dt": [
    0.5876277179158588,
    0.5040454707466877,
    0.18545788823881287,
    0.8875396729386242
  ],
  "curvature": [
    0.40609341696615825,
    0.3810886381486596,
    0.6898453322267699,
    0.7783246364223607
  ],
  "lambda": [
    0.5876277179158588,
    0.5040454707466877,
    0.18545788823881287,
    0.8875396729386242
  ],
  "loops": [
    [
      0,
      3
    ]
  ],
  "spikes": [
    3
  ]
}