{"phi_phase": [-0.9041148922791594, -0.8255484225367881, -0.7690803820303663, -0.7399063907512652, -0.7393118103658269, -0.7644875979894022, -0.8089327412824974, -0.8633856203535066, -0.9171508657116215, -0.9596316211143993, -0.9818476930001172, -0.9777220901412566, -0.9449516385298439, -0.8853369436070802, -0.8045244280841894, -0.7111974020826792, -0.6158320562298072, -0.5291965992810872, -0.4608085600185431, -0.4175712667322393, -0.40278484787130875, -0.41567344199970513, -0.4514963509129176, -0.5022272116606409, -0.5577038864837655, -0.6070843326796969, -0.6403998784605849, -0.6499833760838207, -0.6315676291333848, -0.5848967287188594, -0.5137627160409876, -0.42546231889307956, -0.3297515922729045, -0.23744822561249243, -0.1588817558701211, -0.10241371536369948, -0.07323972408459845, -0.07264514369916028, -0.09782093132273567, -0.14226607461583102, -0.19671895368684017, -0.2504841990449552, -0.2929649544477323, -0.31518102633345035, -0.3110554234745898, -0.27828497186317713, -0.2186702769404131, -0.1378577614175226, -0.044530735416012567, 0.050834610436859655, 0.13747006738557946, 0.20585810664812398, 0.24909539993442745, 0.2638818187953579, 0.2509932246669613, 0.21517031575374923, 0.16443945500602558, 0.10896278018290101, 0.059582333986969896, 0.026266788206081748, 0.016683290582845983, 0.035099037533281974, 0.0817699379478074, 0.15290395062567974, 0.24120434777358743, 0.336915074393762, 0.4292184410541745, 0.5077849107965455, 0.5642529513029673, 0.5934269425820683, 0.5940215229675063, 0.5688457353439309, 0.5244005920508357, 0.4699477129798263, 0.4161824676217115, 0.37370171221893367, 0.3514856403332161, 0.3556112431920768, 0.38838169480348983, 0.447996389726253, 0.5288089052491447, 0.622135931250654, 0.7175012771035271, 0.8041367340522462, 0.8725247733147897, 0.9157620666010943, 0.9305484854620246, 0.917659891333628, 0.8818369824204154, 0.8311061216726917, 0.7756294468495679, 0.7262490006536362, 0.6929334548727482, 0.6833499572495128, 0.7017657041999487, 0.7484366046144745, 0.8195706172923456, 0.9078710144402541, 1.0035817410604293, 1.0958851077208402], "tau": [0.0, 0.010101010101010102, 0.020202020202020204, 0.030303030303030304, 0.04040404040404041, 0.05050505050505051, 0.06060606060606061, 0.07070707070707072, 0.08080808080808081, 0.09090909090909091, 0.10101010101010102, 0.11111111111111112, 0.12121212121212122, 0.13131313131313133, 0.14141414141414144, 0.15151515151515152, 0.16161616161616163, 0.17171717171717174, 0.18181818181818182, 0.19191919191919193, 0.20202020202020204, 0.21212121212121213, 0.22222222222222224, 0.23232323232323235, 0.24242424242424243, 0.25252525252525254, 0.26262626262626265, 0.27272727272727276, 0.2828282828282829, 0.29292929292929293, 0.30303030303030304, 0.31313131313131315, 0.32323232323232326, 0.33333333333333337, 0.3434343434343435, 0.3535353535353536, 0.36363636363636365, 0.37373737373737376, 0.38383838383838387, 0.393939393939394, 0.4040404040404041, 0.4141414141414142, 0.42424242424242425, 0.43434343434343436, 0.4444444444444445, 0.4545454545454546, 0.4646464646464647, 0.4747474747474748, 0.48484848484848486, 0.494949494949495, 0.5050505050505051, 0.5151515151515152, 0.5252525252525253, 0.5353535353535354, 0.5454545454545455, 0.5555555555555556, 0.5656565656565657, 0.5757575757575758, 0.5858585858585859, 0.595959595959596, 0.6060606060606061, 0.6161616161616162, 0.6262626262626263, 0.6363636363636365, 0.6464646464646465, 0.6565656565656566, 0.6666666666666667, 0.6767676767676768, 0.686868686868687, 0.696969696969697, 0.7070707070707072, 0.7171717171717172, 0.7272727272727273, 0.7373737373737375, 0.7474747474747475, 0.7575757575757577, 0.7676767676767677, 0.7777777777777778, 0.787878787878788, 0.797979797979798, 0.8080808080808082, 0.8181818181818182, 0.8282828282828284, 0.8383838383838385, 0.8484848484848485, 0.8585858585858587, 0.8686868686868687, 0.8787878787878789, 0.888888888888889, 0.8989898989898991, 0.9090909090909092, 0.9191919191919192, 0.9292929292929294, 0.9393939393939394, 0.9494949494949496, 0.9595959595959597, 0.9696969696969697, 0.9797979797979799, 0.98989898989899, 1.0], "dphi_dt": [0.8414709848078965, 0.9099476690197986, 0.9431186681969977, 0.9411938639467328, 0.9056319497733789, 0.8390387297377417, 0.7450283551409876, 0.628053937305907, 0.49321481652960364, 0.346048315170489, 0.19231404862990625, 0.03777881485282184, -0.11199025535654251, -0.2518172050173609, -0.3770871624941102, -0.48388942680923597, -0.5691296637488148, -0.6306084170964995, -0.6670644566193836, -0.678182802509941, -0.6645685376162576, -0.6276887002583668, -0.5697856029821868, -0.49376581364685795, -0.40306973925472145, -0.3015272521044539, -0.19320508240814158, -0.08225176976787871, 0.027254176022701943, 0.13144759309475304, 0.22680666834279262, 0.31026549173451795, 0.3793058232840509, 0.4320256087695884, 0.4671827106985677, 0.4842132695315577, 0.48322504207868494, 0.4649669465565172, 0.43077684737871663, 0.3825103116940765, 0.32245364308867497, 0.25322493016681713, 0.1776671290209153, 0.09873732479706036, 0.01939629028220122, -0.057497714264880435, -0.1292872639228534, -0.193603004591901, -0.24843711544273017, -0.2922009123179044, -0.32376515674338785, -0.34248231152656555, -0.34819066064210324, -0.3412008639826417, -0.3222661241359626, -0.2925376827493627, -0.25350782151935336, -0.20694290429737702, -0.15480925308528287, -0.09919479679244239, -0.04222946666955641, 0.01399276053518296, 0.0674874445504767, 0.11644642623793754, 0.15929561490156685, 0.1947421030227828, 0.22180934340278388, 0.23985960138869553, 0.2486033818402443, 0.24809600894844147, 0.23872199014642817, 0.22116820792712333, 0.1963873422302316, 0.16555322045615098, 0.13001001411347665, 0.09121734552870947, 0.050693432838291724, 0.009958387476608039, -0.029520310808834396, -0.06637829457087738, -0.09939909685362742, -0.1275518680713742, -0.15002095058095366, -0.16622657401832575, -0.17583628170359178, -0.1787670458609236, -0.17517836459739922, -0.1654569450156856, -0.15019385428564808, -0.1301552553766948, -0.10624802972859676, -0.07948172071863312, -0.050928306792198945, -0.021681331115766558, 0.0071841228012865495, 0.034649209351977774, 0.05978558868072286, 0.08178509567728763, 0.09998392948830553, 0.11388071406436802], "loops": [[10, 35], [20, 50], [40, 75]], "spikes": [25, 38, 60, 80],